genres,title,movie,rating100
Comedy,Smashing Time (1967),3233,100.0
Adventure,Ulysses (Ulisse) (1954),3172,100.0
Drama,Song of Freedom (1936),3382,100.0
Comedy,One Little Indian (1973),3607,100.0
Documentary,"Gate of Heavenly Peace, The (1995)",787,100.0
Crime,Lured (1947),3656,100.0
Western,One Little Indian (1973),3607,100.0
Documentary,Bittersweet Motel (2000),3881,100.0
Drama,Schlafes Bruder (Brother of Sleep) (1995),989,100.0
Comedy,Follow the Bitch (1998),1830,100.0
Drama,One Little Indian (1973),3607,100.0
Horror,"Baby, The (1973)",3280,100.0
Drama,I Am Cuba (Soy Cuba/Ya Kuba) (1964),3245,96.0
Drama,Lamerica (1994),53,95.0
Drama,"Apple, The (Sib) (1998)",2503,93.0
Adventure,Sanjuro (1962),2905,92.0
Action,Sanjuro (1962),2905,92.0
Drama,"Shawshank Redemption, The (1994)",318,91.0
Action,Seven Samurai (The Magnificent Seven) (Shichinin no samurai) (1954),2019,91.0
Drama,Seven Samurai (The Magnificent Seven) (Shichinin no samurai) (1954),2019,91.0
Drama,"Callejón de los milagros, El (1995)",1795,90.0
Drama,"Inheritors, The (Die Siebtelbauern) (1998)",2309,90.0
Drama,Skipped Parts (2000),3888,90.0
Crime,"Usual Suspects, The (1995)",50,90.0
Animation,"Close Shave, A (1995)",745,90.0
Crime,"Godfather, The (1972)",858,90.0
Mystery,Rear Window (1954),904,90.0
Comedy,"Wrong Trousers, The (1993)",1148,90.0
Drama,"Hour of the Pig, The (1993)",578,90.0
Drama,Schindler's List (1993),527,90.0
Mystery,"Hour of the Pig, The (1993)",578,90.0
Thriller,"Usual Suspects, The (1995)",50,90.0
Romance,Skipped Parts (2000),3888,90.0
Film-Noir,Sunset Blvd. (a.k.a. Sunset Boulevard) (1950),922,90.0
Thriller,"Close Shave, A (1995)",745,90.0
Drama,"Bells, The (1926)",3517,90.0
War,Schindler's List (1993),527,90.0
Drama,"Godfather, The (1972)",858,90.0
Action,"Godfather, The (1972)",858,90.0
Crime,"Bells, The (1926)",3517,90.0
Drama,Dangerous Game (1993),439,90.0
Action,Raiders of the Lost Ark (1981),1198,90.0
Drama,Dry Cleaning (Nettoyage ŕ sec) (1997),2480,90.0
Comedy,"Close Shave, A (1995)",745,90.0
Drama,Mamma Roma (1962),557,90.0
Adventure,Raiders of the Lost Ark (1981),1198,90.0
Animation,"Wrong Trousers, The (1993)",1148,90.0
Thriller,Rear Window (1954),904,90.0
Sci-Fi,Star Wars: Episode IV - A New Hope (1977),260,89.0
Thriller,"Third Man, The (1949)",1212,89.0
Drama,Paths of Glory (1957),1178,89.0
War,Dr. Strangelove or: How I Learned to Stop Worrying and Love the Bomb (1963),750,89.0
Fantasy,Star Wars: Episode IV - A New Hope (1977),260,89.0
Action,Star Wars: Episode IV - A New Hope (1977),260,89.0
Documentary,For All Mankind (1989),3338,89.0
Drama,To Kill a Mockingbird (1962),1207,89.0
Adventure,Star Wars: Episode IV - A New Hope (1977),260,89.0
Sci-Fi,Dr. Strangelove or: How I Learned to Stop Worrying and Love the Bomb (1963),750,89.0
Mystery,"Third Man, The (1949)",1212,89.0
War,Paths of Glory (1957),1178,89.0
Animation,Wallace & Gromit: The Best of Aardman Animation (1996),720,89.0
Drama,"World of Apu, The (Apur Sansar) (1959)",670,88.0
Comedy,City Lights (1931),3307,88.0
War,"Great Escape, The (1963)",1262,88.0
Adventure,Lawrence of Arabia (1962),1204,88.0
Thriller,North by Northwest (1959),908,88.0
Adventure,"Great Escape, The (1963)",1262,88.0
Mystery,"Maltese Falcon, The (1941)",913,88.0
Romance,Casablanca (1942),912,88.0
Film-Noir,"Maltese Falcon, The (1941)",913,88.0
War,"Bridge on the River Kwai, The (1957)",1250,88.0
Crime,Double Indemnity (1944),3435,88.0
Drama,Casablanca (1942),912,88.0
War,Lawrence of Arabia (1962),1204,88.0
Drama,"Bridge on the River Kwai, The (1957)",1250,88.0
Drama,Yojimbo (1961),3030,88.0
Romance,City Lights (1931),3307,88.0
Drama,One Flew Over the Cuckoo's Nest (1975),1193,88.0
Comedy,Yojimbo (1961),3030,88.0
Western,Yojimbo (1961),3030,88.0
Drama,North by Northwest (1959),908,88.0
Documentary,Return with Honor (1998),2930,88.0
Drama,Pather Panchali (1955),668,88.0
War,Casablanca (1942),912,88.0
Drama,City Lights (1931),3307,88.0
Film-Noir,Double Indemnity (1944),3435,88.0
Thriller,"Sixth Sense, The (1999)",2762,88.0
Drama,Citizen Kane (1941),923,88.0
War,Saving Private Ryan (1998),2028,87.0
Comedy,Creature Comforts (1990),3429,87.0
Drama,"Bicycle Thief, The (Ladri di biciclette) (1948)",3089,87.0
Drama,Saving Private Ryan (1998),2028,87.0
War,"Grand Illusion (Grande illusion, La) (1937)",3134,87.0
Animation,"Grand Day Out, A (1992)",1223,87.0
Comedy,Soft Fruit (1999),3410,87.0
Thriller,"Silence of the Lambs, The (1991)",593,87.0
Film-Noir,Chinatown (1974),1252,87.0
Comedy,"Grand Day Out, A (1992)",1223,87.0
Thriller,Chinatown (1974),1252,87.0
Drama,Dersu Uzala (1974),3470,87.0
Action,Saving Private Ryan (1998),2028,87.0
Drama,To Live (Huozhe) (1994),326,87.0
Comedy,Monty Python and the Holy Grail (1974),1136,87.0
Documentary,Jupiter's Wife (1994),128,87.0
Drama,"Grand Illusion (Grande illusion, La) (1937)",3134,87.0
Mystery,Chinatown (1974),1252,87.0
Drama,"Godfather: Part II, The (1974)",1221,87.0
Action,"Godfather: Part II, The (1974)",1221,87.0
Crime,"Godfather: Part II, The (1974)",1221,87.0
Animation,Creature Comforts (1990),3429,87.0
Drama,Soft Fruit (1999),3410,87.0
Drama,"Silence of the Lambs, The (1991)",593,87.0
Adventure,Dersu Uzala (1974),3470,87.0
Drama,Hearts and Minds (1996),1423,87.0
Comedy,Life Is Beautiful (La Vita č bella) (1997),2324,87.0
Drama,Life Is Beautiful (La Vita č bella) (1997),2324,87.0
Thriller,"Manchurian Candidate, The (1962)",1267,87.0
Comedy,"General, The (1927)",3022,87.0
Film-Noir,"Manchurian Candidate, The (1962)",1267,87.0
Adventure,"Princess Bride, The (1987)",1197,86.0
Drama,"Boat, The (Das Boot) (1981)",1233,86.0
Romance,Singin' in the Rain (1952),899,86.0
Drama,American Beauty (1999),2858,86.0
Drama,Pulp Fiction (1994),296,86.0
Comedy,Cinema Paradiso (1988),1172,86.0
Musical,Singin' in the Rain (1952),899,86.0
War,Star Wars: Episode V - The Empire Strikes Back (1980),1196,86.0
Action,"Boat, The (Das Boot) (1981)",1233,86.0
Sci-Fi,Star Wars: Episode V - The Empire Strikes Back (1980),1196,86.0
Documentary,When We Were Kings (1996),1147,86.0
Drama,Time of the Gypsies (Dom za vesanje) (1989),2931,86.0
Action,Star Wars: Episode V - The Empire Strikes Back (1980),1196,86.0
Drama,GoodFellas (1990),1213,86.0
Thriller,Strangers on a Train (1951),2186,86.0
Romance,"Philadelphia Story, The (1940)",898,86.0
Action,"Princess Bride, The (1987)",1197,86.0
Romance,"Princess Bride, The (1987)",1197,86.0
Romance,Cinema Paradiso (1988),1172,86.0
Mystery,"Big Sleep, The (1946)",1284,86.0
Comedy,American Beauty (1999),2858,86.0
Comedy,It Happened One Night (1934),905,86.0
Sci-Fi,"Matrix, The (1999)",2571,86.0
Film-Noir,Notorious (1946),930,86.0
Comedy,"Philadelphia Story, The (1940)",898,86.0
Comedy,"Palm Beach Story, The (1942)",2937,86.0
Romance,Notorious (1946),930,86.0
Action,"Matrix, The (1999)",2571,86.0
Drama,"400 Blows, The (Les Quatre cents coups) (1959)",2731,86.0
Drama,West Beirut (West Beyrouth) (1998),2839,86.0
War,"Boat, The (Das Boot) (1981)",1233,86.0
Film-Noir,M (1931),1260,86.0
Drama,12 Angry Men (1957),1203,86.0
Film-Noir,Strangers on a Train (1951),2186,86.0
Comedy,"Princess Bride, The (1987)",1197,86.0
Drama,Cinema Paradiso (1988),1172,86.0
Drama,Inherit the Wind (1960),3469,86.0
War,Henry V (1989),1224,86.0
Crime,M (1931),1260,86.0
Crime,Some Like It Hot (1959),910,86.0
Adventure,"Treasure of the Sierra Madre, The (1948)",1254,86.0
Drama,Kagemusha (1980),3091,86.0
Crime,GoodFellas (1990),1213,86.0
Drama,Star Wars: Episode V - The Empire Strikes Back (1980),1196,86.0
Thriller,"Matrix, The (1999)",2571,86.0
Adventure,Star Wars: Episode V - The Empire Strikes Back (1980),1196,86.0
Crime,Pulp Fiction (1994),296,86.0
Comedy,"Sting, The (1973)",1234,86.0
Thriller,M (1931),1260,86.0
Thriller,Notorious (1946),930,86.0
Crime,"Sting, The (1973)",1234,86.0
Drama,Henry V (1989),1224,86.0
Drama,Central Station (Central do Brasil) (1998),2357,86.0
Comedy,Some Like It Hot (1959),910,86.0
War,Kagemusha (1980),3091,86.0
Drama,"Celebration, The (Festen) (1998)",2360,86.0
Film-Noir,"Big Sleep, The (1946)",1284,86.0
Drama,Jean de Florette (1986),1131,86.0
Drama,It's a Wonderful Life (1946),953,86.0
Mystery,Vertigo (1958),903,85.0
Mystery,"Thin Man, The (1934)",950,85.0
War,Ran (1985),1217,85.0
Drama,Stalag 17 (1953),3196,85.0
Drama,Apocalypse Now (1979),1208,85.0
Crime,Fargo (1996),608,85.0
Sci-Fi,Blade Runner (1982),541,85.0
War,"Killing Fields, The (1984)",1299,85.0
Romance,"African Queen, The (1951)",969,85.0
War,Braveheart (1995),110,85.0
Documentary,42 Up (1998),3077,85.0
Drama,"Hustler, The (1961)",3468,85.0
Drama,Mr. Smith Goes to Washington (1939),954,85.0
Documentary,"Decline of Western Civilization, The (1981)",3679,85.0
Drama,Anatomy of a Murder (1959),3801,85.0
Drama,American History X (1998),2329,85.0
Drama,All About Eve (1950),926,85.0
Drama,"Killing Fields, The (1984)",1299,85.0
Thriller,Fargo (1996),608,85.0
Drama,"Seventh Seal, The (Sjunde inseglet, Det) (1957)",1237,85.0
Drama,Braveheart (1995),110,85.0
Drama,Some Folks Call It a Sling Blade (1993),678,85.0
Drama,Almost Famous (2000),3897,85.0
Drama,Amadeus (1984),1225,85.0
Comedy,Modern Times (1936),3462,85.0
War,Patton (1970),1272,85.0
Comedy,"Christmas Story, A (1983)",2804,85.0
Drama,Manon of the Spring (Manon des sources) (1986),1132,85.0
Romance,"Graduate, The (1967)",1247,85.0
Drama,"Man for All Seasons, A (1966)",1949,85.0
Drama,"Wizard of Oz, The (1939)",919,85.0
Crime,On the Waterfront (1954),1945,85.0
Comedy,Ed's Next Move (1996),1002,85.0
Adventure,"Wizard of Oz, The (1939)",919,85.0
Documentary,"Wonderful, Horrible Life of Leni Riefenstahl, The (Die Macht der Bilder) (1993)",363,85.0
Film-Noir,Blade Runner (1982),541,85.0
Musical,"Wizard of Oz, The (1939)",919,85.0
Drama,"Conversation, The (1974)",3730,85.0
Drama,Cool Hand Luke (1967),1276,85.0
Drama,"Conformist, The (Il Conformista) (1970)",2925,85.0
War,Apocalypse Now (1979),1208,85.0
Drama,"Graduate, The (1967)",1247,85.0
Thriller,Vertigo (1958),903,85.0
War,"African Queen, The (1951)",969,85.0
Drama,Ran (1985),1217,85.0
Drama,On the Waterfront (1954),1945,85.0
Thriller,Shadow of a Doubt (1943),2203,85.0
Thriller,Seven Days in May (1964),3634,85.0
Comedy,Almost Famous (2000),3897,85.0
Mystery,Anatomy of a Murder (1959),3801,85.0
Film-Noir,Shadow of a Doubt (1943),2203,85.0
Adventure,"African Queen, The (1951)",969,85.0
Thriller,Some Folks Call It a Sling Blade (1993),678,85.0
Drama,"Christmas Story, A (1983)",2804,85.0
Comedy,His Girl Friday (1940),951,85.0
Drama,Patton (1970),1272,85.0
Drama,"Eighth Day, The (Le Huitičme jour ) (1996)",1117,85.0
Documentary,Stop Making Sense (1984),2859,85.0
Drama,Fargo (1996),608,85.0
Children's,"Wizard of Oz, The (1939)",919,85.0
Documentary,"War Room, The (1993)",556,85.0
Comedy,Young Frankenstein (1974),1278,85.0
Mystery,"Conversation, The (1974)",3730,85.0
Documentary,"Thin Blue Line, The (1988)",1189,85.0
War,Stalag 17 (1953),3196,85.0
Action,"African Queen, The (1951)",969,85.0
Action,Braveheart (1995),110,85.0
Drama,"Streetcar Named Desire, A (1951)",1104,85.0
Drama,Three Colors: Red (1994),306,85.0
Comedy,Window to Paris (1994),598,85.0
Comedy,Cool Hand Luke (1967),1276,85.0
Horror,Young Frankenstein (1974),1278,85.0
Drama,Before the Rain (Pred dozhdot) (1994),214,85.0
Drama,Taxi Driver (1976),111,84.0
Western,Butch Cassidy and the Sundance Kid (1969),1304,84.0
Western,High Noon (1952),1283,84.0
Romance,"Lady Vanishes, The (1938)",2208,84.0
Drama,Blood Simple (1984),3683,84.0
Crime,Run Lola Run (Lola rennt) (1998),2692,84.0
Romance,"Lady Eve, The (1941)",2935,84.0
Romance,Children of Paradise (Les enfants du paradis) (1945),2920,84.0
Drama,Raging Bull (1980),1228,84.0
Children's,Toy Story 2 (1999),3114,84.0
Action,Run Lola Run (Lola rennt) (1998),2692,84.0
Romance,Run Lola Run (Lola rennt) (1998),2692,84.0
Comedy,Butch Cassidy and the Sundance Kid (1969),1304,84.0
Romance,Rebecca (1940),928,84.0
Romance,Charade (1963),911,84.0
Thriller,Psycho (1960),1219,84.0
Drama,"King of Masks, The (Bian Lian) (1996)",2609,84.0
Film-Noir,Touch of Evil (1958),1248,84.0
Horror,Psycho (1960),1219,84.0
Comedy,Roman Holiday (1953),916,84.0
Mystery,L.A. Confidential (1997),1617,84.0
Drama,"Pawnbroker, The (1965)",3789,84.0
Documentary,Hoop Dreams (1994),246,84.0
Thriller,Touch of Evil (1958),1248,84.0
Thriller,Taxi Driver (1976),111,84.0
Drama,Good Will Hunting (1997),1704,84.0
Drama,Glory (1989),1242,84.0
Drama,"Face in the Crowd, A (1957)",3038,84.0
Drama,Firelight (1997),2197,84.0
Comedy,"Lady Eve, The (1941)",2935,84.0
Comedy,"Lady Vanishes, The (1938)",2208,84.0
Drama,Nights of Cabiria (Le Notti di Cabiria) (1957),2351,84.0
Crime,Touch of Evil (1958),1248,84.0
Crime,L.A. Confidential (1997),1617,84.0
Crime,Laura (1944),942,84.0
Thriller,L.A. Confidential (1997),1617,84.0
Comedy,Cold Fever (Á köldum klaka) (1994),649,84.0
War,Duck Soup (1933),1256,84.0
Drama,Sling Blade (1996),1358,84.0
Animation,Toy Story 2 (1999),3114,84.0
Action,"Killer, The (Die xue shuang xiong) (1989)",1218,84.0
Thriller,Rebecca (1940),928,84.0
War,Glory (1989),1242,84.0
Comedy,Toy Story 2 (1999),3114,84.0
Drama,Children of Paradise (Les enfants du paradis) (1945),2920,84.0
Mystery,Laura (1944),942,84.0
Comedy,Trust (1990),1236,84.0
Musical,This Is Spinal Tap (1984),1288,84.0
Film-Noir,L.A. Confidential (1997),1617,84.0
Film-Noir,Laura (1944),942,84.0
Film-Noir,Blood Simple (1984),3683,84.0
Mystery,"Lady Vanishes, The (1938)",2208,84.0
Romance,Roman Holiday (1953),916,84.0
Thriller,Sling Blade (1996),1358,84.0
Drama,Nénette et Boni (1996),1664,84.0
Mystery,Charade (1963),911,84.0
Drama,Cold Fever (Á köldum klaka) (1994),649,84.0
Thriller,Charade (1963),911,84.0
Drama,Trust (1990),1236,84.0
War,All Quiet on the Western Front (1930),1927,84.0
Comedy,"Gold Rush, The (1925)",3629,84.0
Comedy,Charade (1963),911,84.0
Action,Butch Cassidy and the Sundance Kid (1969),1304,84.0
Action,Glory (1989),1242,84.0
Thriller,"Lady Vanishes, The (1938)",2208,84.0
Comedy,This Is Spinal Tap (1984),1288,84.0
Documentary,Paradise Lost: The Child Murders at Robin Hood Hills (1996),1361,84.0
Thriller,"Killer, The (Die xue shuang xiong) (1989)",1218,84.0
Comedy,Duck Soup (1933),1256,84.0
Comedy,Bringing Up Baby (1938),955,83.0
Romance,Shakespeare in Love (1998),2396,83.0
Horror,Alien (1979),1214,83.0
Comedy,Being John Malkovich (1999),2997,83.0
Romance,Shall We Dance? (1937),1066,83.0
Action,"Terminator, The (1984)",1240,83.0
Crime,Reservoir Dogs (1992),1089,83.0
Action,Alien (1979),1214,83.0
Film-Noir,Out of the Past (1947),2066,83.0
Romance,My Fair Lady (1964),914,83.0
Comedy,Toy Story (1995),1,83.0
Film-Noir,"Killing, The (1956)",2726,83.0
Mystery,Arsenic and Old Lace (1944),1269,83.0
Musical,Top Hat (1935),945,83.0
Action,Indiana Jones and the Last Crusade (1989),1291,83.0
Comedy,Shakespeare in Love (1998),2396,83.0
Thriller,Arsenic and Old Lace (1944),1269,83.0
Comedy,Top Hat (1935),945,83.0
Thriller,"Terminator, The (1984)",1240,83.0
Thriller,Aliens (1986),1200,83.0
Comedy,"Apartment, The (1960)",909,83.0
Romance,Annie Hall (1977),1230,83.0
Comedy,Annie Hall (1977),1230,83.0
Comedy,Arsenic and Old Lace (1944),1269,83.0
Animation,Toy Story (1995),1,83.0
Animation,"Princess Mononoke, The (Mononoke Hime) (1997)",3000,83.0
Sci-Fi,"Terminator, The (1984)",1240,83.0
Comedy,"Producers, The (1968)",2300,83.0
Comedy,Harold and Maude (1971),1235,83.0
Mystery,In the Heat of the Night (1967),1950,83.0
Comedy,Waiting for Guffman (1996),1449,83.0
Comedy,And Now for Something Completely Different (1971),2788,83.0
Thriller,Alien (1979),1214,83.0
Sci-Fi,"Day the Earth Stood Still, The (1951)",1253,83.0
Action,"Princess Mononoke, The (Mononoke Hime) (1997)",3000,83.0
Documentary,Hands on a Hard Body (1996),2330,83.0
Children's,Toy Story (1995),1,83.0
Comedy,Shall We Dance? (Shall We Dansu?) (1996),1537,83.0
Comedy,Shall We Dance? (1937),1066,83.0
Thriller,"Green Mile, The (1999)",3147,83.0
Crime,Hard-Boiled (Lashou shentan) (1992),3265,83.0
Adventure,"Man Who Would Be King, The (1975)",1303,83.0
Western,"Good, The Bad and The Ugly, The (1966)",1201,83.0
Sci-Fi,Aliens (1986),1200,83.0
War,Mister Roberts (1955),3035,83.0
Musical,"Producers, The (1968)",2300,83.0
Action,"Good, The Bad and The Ugly, The (1966)",1201,83.0
Crime,"Killing, The (1956)",2726,83.0
Adventure,"Princess Mononoke, The (Mononoke Hime) (1997)",3000,83.0
Musical,Shall We Dance? (1937),1066,83.0
Sci-Fi,Alien (1979),1214,83.0
Comedy,Mister Roberts (1955),3035,83.0
Action,Hard-Boiled (Lashou shentan) (1992),3265,83.0
Adventure,Indiana Jones and the Last Crusade (1989),1291,83.0
Action,Aliens (1986),1200,83.0
Romance,Top Hat (1935),945,83.0
Thriller,Reservoir Dogs (1992),1089,83.0
Musical,My Fair Lady (1964),914,83.0
War,Aliens (1986),1200,83.0
Crime,Badlands (1973),3741,82.0
Documentary,Microcosmos (Microcosmos: Le peuple de l'herbe) (1996),1111,82.0
Comedy,All About My Mother (Todo Sobre Mi Madre) (1999),3083,82.0
War,"Best Years of Our Lives, The (1946)",1939,82.0
Thriller,"39 Steps, The (1935)",965,82.0
Crime,Bonnie and Clyde (1967),1084,82.0
Horror,"Shining, The (1980)",1258,82.0
Comedy,Eat Drink Man Woman (1994),232,82.0
Crime,Seven (Se7en) (1995),47,82.0
Crime,"French Connection, The (1971)",1953,82.0
Comedy,My Man Godfrey (1936),947,82.0
Adventure,Stand by Me (1986),1259,82.0
Romance,Wings of Desire (Der Himmel über Berlin) (1987),1211,82.0
Western,"Wild Bunch, The (1969)",599,82.0
Action,"Fugitive, The (1993)",457,82.0
Action,Full Metal Jacket (1987),1222,82.0
War,Platoon (1986),1090,82.0
Action,Ben-Hur (1959),1287,82.0
Sci-Fi,"Clockwork Orange, A (1971)",1206,82.0
Sci-Fi,Brazil (1985),1199,82.0
Comedy,Manhattan (1979),1244,82.0
Romance,"Postino, Il (The Postman) (1994)",58,82.0
Romance,"Professional, The (a.k.a. Leon: The Professional) (1994)",293,82.0
Comedy,Harvey (1950),3088,82.0
Mystery,Dial M for Murder (1954),1086,82.0
Documentary,"Great Day in Harlem, A (1994)",602,82.0
Romance,Brief Encounter (1946),2927,82.0
Animation,Ghost in the Shell (Kokaku kidotai) (1995),741,82.0
Romance,Farewell My Concubine (1993),446,82.0
Romance,Forrest Gump (1994),356,82.0
Romance,From Here to Eternity (1953),1944,82.0
Documentary,Ayn Rand: A Sense of Life (1997),1780,82.0
Thriller,"Professional, The (a.k.a. Leon: The Professional) (1994)",293,82.0
Documentary,Anne Frank Remembered (1995),116,82.0
Thriller,Gaslight (1944),906,82.0
Thriller,"French Connection, The (1971)",1953,82.0
Thriller,"Fugitive, The (1993)",457,82.0
Romance,Manhattan (1979),1244,82.0
Mystery,Gaslight (1944),906,82.0
Horror,Jaws (1975),1387,82.0
Sci-Fi,Metropolis (1926),2010,82.0
Mystery,Lone Star (1996),800,82.0
Film-Noir,Key Largo (1948),3334,82.0
War,Breaker Morant (1980),3811,82.0
Sci-Fi,Ghost in the Shell (Kokaku kidotai) (1995),741,82.0
War,"Deer Hunter, The (1978)",1263,82.0
Romance,Ninotchka (1939),936,82.0
Documentary,Maya Lin: A Strong Clear Vision (1994),759,82.0
Thriller,Seven (Se7en) (1995),47,82.0
Comedy,To Catch a Thief (1955),933,82.0
Action,Jaws (1975),1387,82.0
War,Forrest Gump (1994),356,82.0
War,From Here to Eternity (1953),1944,82.0
War,Full Metal Jacket (1987),1222,82.0
Adventure,Ben-Hur (1959),1287,82.0
Action,Gladiator (2000),3578,82.0
Crime,"Professional, The (a.k.a. Leon: The Professional) (1994)",293,82.0
Comedy,Sullivan's Travels (1942),2936,82.0
Comedy,Forrest Gump (1994),356,82.0
Thriller,Die Hard (1988),1036,82.0
Comedy,Ninotchka (1939),936,82.0
Comedy,Ferris Bueller's Day Off (1986),2918,82.0
Thriller,Dial M for Murder (1954),1086,82.0
Crime,Key Largo (1948),3334,82.0
Thriller,Key Largo (1948),3334,82.0
Comedy,M*A*S*H (1970),1294,82.0
Thriller,To Catch a Thief (1955),933,82.0
Comedy,Wings of Desire (Der Himmel über Berlin) (1987),1211,82.0
Romance,To Catch a Thief (1955),933,82.0
War,M*A*S*H (1970),1294,82.0
Comedy,Stand by Me (1986),1259,82.0
Western,"Searchers, The (1956)",3365,82.0
Western,Unforgiven (1992),1266,82.0
Action,"French Connection, The (1971)",1953,82.0
Action,Die Hard (1988),1036,82.0
Action,Diva (1981),1264,81.0
Comedy,Crimes and Misdemeanors (1989),2973,81.0
Comedy,Take the Money and Run (1969),1963,81.0
Action,"Hunt for Red October, The (1990)",1610,81.0
Adventure,Mutiny on the Bounty (1935),1931,81.0
Thriller,Diva (1981),1264,81.0
Comedy,Kolya (1996),1446,81.0
Comedy,"Odd Couple, The (1968)",3507,81.0
Comedy,"Shop Around the Corner, The (1940)",3097,81.0
War,Doctor Zhivago (1965),2067,81.0
Comedy,Born Yesterday (1950),3341,81.0
Musical,West Side Story (1961),1947,81.0
Adventure,"City of Lost Children, The (1995)",29,81.0
Mystery,2001: A Space Odyssey (1968),924,81.0
Crime,Croupier (1998),3783,81.0
Comedy,Blazing Saddles (1974),3671,81.0
Comedy,Best in Show (2000),3911,81.0
Documentary,Buena Vista Social Club (1999),2677,81.0
Documentary,Crumb (1994),162,81.0
Romance,"Shop Around the Corner, The (1940)",3097,81.0
Comedy,"Great Dictator, The (1940)",1281,81.0
Animation,"Iron Giant, The (1999)",2761,81.0
Comedy,Little Big Man (1970),3037,81.0
Sci-Fi,2001: A Space Odyssey (1968),924,81.0
Thriller,"Spiral Staircase, The (1946)",3849,81.0
Comedy,When Harry Met Sally... (1989),1307,81.0
Romance,Diva (1981),1264,81.0
Romance,Doctor Zhivago (1965),2067,81.0
Documentary,"Celluloid Closet, The (1995)",581,81.0
Thriller,Body Heat (1981),2917,81.0
Documentary,"Brandon Teena Story, The (1998)",3281,81.0
Comedy,Roger & Me (1989),2064,81.0
Comedy,Animal House (1978),3421,81.0
Comedy,American Graffiti (1973),3363,81.0
Documentary,Roger & Me (1989),2064,81.0
Action,Terminator 2: Judgment Day (1991),589,81.0
Thriller,Terminator 2: Judgment Day (1991),589,81.0
Thriller,Three Days of the Condor (1975),2819,81.0
Thriller,2001: A Space Odyssey (1968),924,81.0
Romance,Persuasion (1995),28,81.0
Children's,"Iron Giant, The (1999)",2761,81.0
Mystery,Diva (1981),1264,81.0
Comedy,"Quiet Man, The (1952)",1226,81.0
Romance,"Quiet Man, The (1952)",1226,81.0
Documentary,Paris Is Burning (1990),1192,81.0
Romance,Sense and Sensibility (1995),17,81.0
Sci-Fi,Terminator 2: Judgment Day (1991),589,81.0
Romance,Beautiful Thing (1996),1046,81.0
Sci-Fi,"City of Lost Children, The (1995)",29,81.0
Crime,Body Heat (1981),2917,81.0
Thriller,"Hunt for Red October, The (1990)",1610,81.0
Romance,West Side Story (1961),1947,81.0
Romance,When Harry Met Sally... (1989),1307,81.0
Western,Blazing Saddles (1974),3671,81.0
Western,"Outlaw Josey Wales, The (1976)",3508,81.0
Western,Little Big Man (1970),3037,81.0
War,"Run Silent, Run Deep (1958)",2670,80.0
Western,"Castaway Cowboy, The (1974)",3601,80.0
Western,Hud (1963),3467,80.0
Western,Once Upon a Time in the West (1969),1209,80.0
Western,Lonely Are the Brave (1962),3737,80.0
Comedy,You Can't Take It With You (1938),1934,80.0
Thriller,Suspicion (1941),2206,80.0
Comedy,Where's Marlowe? (1999),3057,80.0
Film-Noir,Bluebeard (1944),3305,80.0
Documentary,Modulations (1998),2198,80.0
Documentary,"Last Days, The (1998)",2494,80.0
Action,Star Wars: Episode VI - Return of the Jedi (1983),1210,80.0
Horror,Bluebeard (1944),3305,80.0
Sci-Fi,Close Encounters of the Third Kind (1977),3471,80.0
Romance,Star Wars: Episode VI - Return of the Jedi (1983),1210,80.0
Comedy,Seven Chances (1925),3232,80.0
Fantasy,"Hungarian Fairy Tale, A (1987)",792,80.0
Adventure,Star Wars: Episode VI - Return of the Jedi (1983),1210,80.0
Thriller,"Innocents, The (1961)",1076,80.0
Comedy,"Castaway Cowboy, The (1974)",3601,80.0
War,Land and Freedom (Tierra y libertad) (1995),632,80.0
Comedy,Smoking/No Smoking (1993),3530,80.0
Romance,Leather Jacket Love Story (1997),1851,80.0
Sci-Fi,Back to the Future (1985),1270,80.0
Comedy,"Closer You Get, The (2000)",3353,80.0
Documentary,Dear Jesse (1997),1901,80.0
Documentary,Everest (1998),1797,80.0
Animation,Winnie the Pooh and the Blustery Day (1968),1023,80.0
Film-Noir,Force of Evil (1948),746,80.0
Film-Noir,Gilda (1946),2940,80.0
Thriller,Condition Red (1995),624,80.0
Action,"Stranger, The (1994)",1434,80.0
Action,Target (1995),139,80.0
Comedy,With Friends Like These... (1998),2811,80.0
Documentary,Sonic Outlaws (1995),134,80.0
Romance,"Closer You Get, The (2000)",3353,80.0
Comedy,"Women, The (1939)",927,80.0
Documentary,Rhyme & Reason (1997),1470,80.0
Comedy,"Big One, The (1997)",1827,80.0
Comedy,"Friend of the Deceased, A (1997)",1871,80.0
Comedy,"Bank Dick, The (1940)",3929,80.0
Comedy,Man of the Century (1999),2999,80.0
Comedy,Local Hero (1983),1238,80.0
Comedy,Love and Death (1975),3814,80.0
Comedy,Much Ado About Nothing (1993),497,80.0
Comedy,Mouth to Mouth (Boca a boca) (1995),717,80.0
War,"Dirty Dozen, The (1967)",2944,80.0
Comedy,Sleeper (1973),1077,80.0
Crime,Serpico (1973),3735,80.0
Thriller,Nikita (La Femme Nikita) (1990),1249,80.0
War,Gone with the Wind (1939),920,80.0
Sci-Fi,Delicatessen (1991),1175,80.0
Horror,"Nosferatu (Nosferatu, eine Symphonie des Grauens) (1922)",1348,80.0
Thriller,Witness (1985),1674,80.0
Horror,Frankenstein (1931),2648,80.0
Documentary,American Movie (1999),3007,80.0
Sci-Fi,Forbidden Planet (1956),1301,80.0
Children's,Winnie the Pooh and the Blustery Day (1968),1023,80.0
Documentary,Regret to Inform (1998),3609,80.0
Thriller,Repulsion (1965),3075,80.0
Romance,Marty (1955),1946,80.0
Romance,"Ghost and Mrs. Muir, The (1947)",943,80.0
Documentary,"Five Wives, Three Secretaries and Me (1998)",2909,80.0
Documentary,Frank and Ollie (1995),398,80.0
Crime,"Untouchables, The (1987)",2194,80.0
Sci-Fi,Star Wars: Episode VI - Return of the Jedi (1983),1210,80.0
Romance,"Room with a View, A (1986)",1296,80.0
Sci-Fi,Sleeper (1973),1077,80.0
Thriller,Outside Ozona (1998),2438,80.0
Romance,Gone with the Wind (1939),920,80.0
Romance,Say Anything... (1989),2248,80.0
War,Star Wars: Episode VI - Return of the Jedi (1983),1210,80.0
Western,"Fistful of Dollars, A (1964)",2951,80.0
Action,Condition Red (1995),624,80.0
Action,"Fistful of Dollars, A (1964)",2951,80.0
Action,"Dirty Dozen, The (1967)",2944,80.0
War,Red Sorghum (Hong Gao Liang) (1987),2972,80.0
War,Two Women (La Ciociara) (1961),3808,80.0
Romance,Witness (1985),1674,80.0
Action,"Untouchables, The (1987)",2194,80.0
Romance,Trouble in Paradise (1932),3739,80.0
Crime,Another Man's Poison (1952),3229,80.0
Documentary,Message to Love: The Isle of Wight Festival (1996),1420,80.0
Romance,Much Ado About Nothing (1993),497,80.0
Documentary,"Big One, The (1997)",1827,80.0
Thriller,"Ipcress File, The (1965)",2983,80.0
Crime,Illtown (1996),1842,80.0
War,"Last Emperor, The (1987)",1960,80.0
Action,Heaven's Burning (1997),1832,80.0
Mystery,Suspicion (1941),2206,80.0
Romance,When the Cats Away (Chacun cherche son chat) (1996),1571,79.0
Action,Goldfinger (1964),2947,79.0
Action,"Guns of Navarone, The (1961)",3654,79.0
War,Lifeboat (1944),2202,79.0
War,"Longest Day, The (1962)",3062,79.0
Fantasy,E.T. the Extra-Terrestrial (1982),1097,79.0
Documentary,"Cruise, The (1998)",2323,79.0
Adventure,Akira (1988),1274,79.0
Action,True Romance (1993),555,79.0
Adventure,"Adventures of Robin Hood, The (1938)",940,79.0
Romance,True Romance (1993),555,79.0
War,Richard III (1995),41,79.0
Musical,"Sound of Music, The (1965)",1035,79.0
Musical,On the Town (1949),3606,79.0
Action,"Blues Brothers, The (1980)",1220,79.0
Action,Rocky (1976),1954,79.0
Animation,Perfect Blue (1997),2810,79.0
Thriller,One False Move (1991),3728,79.0
Horror,"Exorcist, The (1973)",1997,79.0
Crime,True Romance (1993),555,79.0
Crime,Clean Slate (Coup de Torchon) (1981),681,79.0
Crime,Dog Day Afternoon (1975),3362,79.0
Adventure,Fitzcarraldo (1982),2970,79.0
Adventure,Deliverance (1972),2871,79.0
Documentary,On the Ropes (1999),2824,79.0
War,"Battleship Potemkin, The (Bronenosets Potyomkin) (1925)",3742,79.0
Romance,Sabrina (1954),915,79.0
Action,Men With Guns (1997),1788,79.0
Film-Noir,"Asphalt Jungle, The (1950)",3364,79.0
Romance,Like Water for Chocolate (Como agua para chocolate) (1992),265,79.0
Animation,Akira (1988),1274,79.0
Musical,"King and I, The (1956)",2565,79.0
Sci-Fi,Open Your Eyes (Abre los ojos) (1997),2594,79.0
Romance,Strictly Ballroom (1992),1188,79.0
Action,"Longest Day, The (1962)",3062,79.0
Sci-Fi,E.T. the Extra-Terrestrial (1982),1097,79.0
Mystery,Perfect Blue (1997),2810,79.0
Thriller,"Murder, My Sweet (1944)",1069,79.0
Crime,"Few Good Men, A (1992)",2268,79.0
Musical,"Blues Brothers, The (1980)",1220,79.0
Sci-Fi,Twelve Monkeys (1995),32,79.0
Thriller,Deliverance (1972),2871,79.0
Documentary,"Decline of Western Civilization Part II: The Metal Years, The (1988)",3680,79.0
Sci-Fi,Akira (1988),1274,79.0
War,"Guns of Navarone, The (1961)",3654,79.0
War,Koyaanisqatsi (1983),1289,79.0
Mystery,"Red Violin, The (Le Violon rouge) (1998)",2686,79.0
Romance,"Affair to Remember, An (1957)",932,79.0
Thriller,Lifeboat (1944),2202,79.0
Romance,Groundhog Day (1993),1265,79.0
Thriller,"Man Who Knew Too Much, The (1956)",2183,79.0
Thriller,Marathon Man (1976),3551,79.0
Thriller,Akira (1988),1274,79.0
Romance,"Place in the Sun, A (1951)",3475,79.0
Romance,Open Your Eyes (Abre los ojos) (1997),2594,79.0
Documentary,Mr. Death: The Rise and Fall of Fred A. Leuchter Jr. (1999),3182,79.0
Documentary,Koyaanisqatsi (1983),1289,79.0
Film-Noir,"Murder, My Sweet (1944)",1069,79.0
Children's,E.T. the Extra-Terrestrial (1982),1097,79.0
Crime,"Asphalt Jungle, The (1950)",3364,79.0
Thriller,"Spanish Prisoner, The (1997)",1834,79.0
Romance,Dangerous Liaisons (1988),2020,79.0
Action,"Adventures of Robin Hood, The (1938)",940,79.0
Action,Heat (1995),6,78.0
Romance,Year of Living Dangerously (1982),2919,78.0
Animation,Beauty and the Beast (1991),595,78.0
Mystery,Spellbound (1945),931,78.0
Romance,"Man and a Woman, A (Un Homme et une Femme) (1966)",2969,78.0
Documentary,Arguing the World (1996),1743,78.0
Musical,"Hard Day's Night, A (1964)",2863,78.0
Musical,Holiday Inn (1942),3061,78.0
Musical,Mary Poppins (1964),1028,78.0
Musical,Fantasia (1940),1282,78.0
Documentary,Baraka (1992),3677,78.0
Romance,"Mrs. Brown (Her Majesty, Mrs. Brown) (1997)",1643,78.0
Romance,Emma (1996),838,78.0
Children's,Mary Poppins (1964),1028,78.0
Children's,Fantasia (1940),1282,78.0
Thriller,Cape Fear (1962),1344,78.0
Thriller,Rope (1948),2176,78.0
Film-Noir,Cape Fear (1962),1344,78.0
Thriller,Shallow Grave (1994),319,78.0
Children's,Chicken Run (2000),3751,78.0
Thriller,Spellbound (1945),931,78.0
Romance,Cyrano de Bergerac (1990),1277,78.0
Horror,"Birds, The (1963)",1333,78.0
Romance,Spellbound (1945),931,78.0
Thriller,Insomnia (1997),1889,78.0
Thriller,"Lock, Stock & Two Smoking Barrels (1998)",2542,78.0
Adventure,Star Trek: The Wrath of Khan (1982),1374,78.0
Thriller,Heat (1995),6,78.0
Action,"Night to Remember, A (1958)",3405,78.0
Musical,"Gay Divorcee, The (1934)",907,78.0
Thriller,"Game, The (1997)",1625,78.0
Horror,Invasion of the Body Snatchers (1956),2664,78.0
Musical,Beauty and the Beast (1991),595,78.0
Musical,Cabaret (1972),3545,78.0
Romance,Breakfast at Tiffany's (1961),902,78.0
War,Cabaret (1972),3545,78.0
Sci-Fi,Invasion of the Body Snatchers (1956),2664,78.0
Action,Lethal Weapon (1987),2000,78.0
Action,Kelly's Heroes (1970),3836,78.0
Mystery,"Game, The (1997)",1625,78.0
Horror,Ghostbusters (1984),2716,78.0
Romance,Romeo and Juliet (1968),3668,78.0
Documentary,My Best Fiend (Mein liebster Feind) (1999),3002,78.0
Romance,"Gay Divorcee, The (1934)",907,78.0
Crime,Drugstore Cowboy (1989),3019,78.0
Mystery,"Name of the Rose, The (1986)",2467,78.0
Animation,Fantasia (1940),1282,78.0
Animation,Chicken Run (2000),3751,78.0
Action,Star Trek: The Wrath of Khan (1982),1374,78.0
Thriller,Primal Fear (1996),628,78.0
Sci-Fi,Star Trek: The Wrath of Khan (1982),1374,78.0
Documentary,"Eyes of Tammy Faye, The (2000)",3859,78.0
Adventure,Dances with Wolves (1990),590,78.0
Sci-Fi,"Thing From Another World, The (1951)",2660,78.0
Children's,Beauty and the Beast (1991),595,78.0
Children's,Babe (1995),34,78.0
Horror,Bride of Frankenstein (1935),1340,78.0
Crime,Lethal Weapon (1987),2000,78.0
Crime,"Lock, Stock & Two Smoking Barrels (1998)",2542,78.0
Action,Drunken Master (Zui quan) (1979),2924,78.0
Action,Cyrano de Bergerac (1990),1277,78.0
War,Mrs. Miniver (1942),1936,78.0
Action,From Russia with Love (1963),2948,78.0
Musical,Nashville (1975),2303,78.0
Romance,Wings (1927),1925,78.0
Crime,Mystery Train (1989),3521,78.0
War,Kelly's Heroes (1970),3836,78.0
Crime,Heat (1995),6,78.0
Crime,Once Were Warriors (1994),290,78.0
Western,Dances with Wolves (1990),590,78.0
Western,High Plains Drifter (1972),2921,78.0
Western,For a Few Dollars More (1965),3681,78.0
War,Wings (1927),1925,78.0
Western,Dead Man (1995),714,78.0
Action,Evil Dead II (Dead By Dawn) (1987),1261,77.0
Western,Tombstone (1993),553,77.0
Western,Shane (1953),3871,77.0
War,"War of the Worlds, The (1953)",2662,77.0
Crime,Once Upon a Time in America (1984),1227,77.0
Romance,"Black Cat, White Cat (Crna macka, beli macor) (1998)",2843,77.0
War,"Great Locomotive Chase, The (1956)",3585,77.0
Fantasy,Heavenly Creatures (1994),247,77.0
Romance,Atlantic City (1980),2130,77.0
Thriller,"Man Who Knew Too Much, The (1934)",2212,77.0
Action,Highlander (1986),1275,77.0
Thriller,In the Line of Fire (1993),474,77.0
Adventure,Midnight Run (1988),3104,77.0
Romance,Twelfth Night (1996),892,77.0
Action,"War of the Worlds, The (1953)",2662,77.0
Action,Dr. No (1962),2949,77.0
Crime,"Long Goodbye, The (1973)",2511,77.0
Documentary,Trekkies (1997),2693,77.0
Children's,"Secret of NIMH, The (1982)",2139,77.0
Children's,Snow White and the Seven Dwarfs (1937),594,77.0
Romance,Heavenly Creatures (1994),247,77.0
Romance,"Lovers of the Arctic Circle, The (Los Amantes del Círculo Polar) (1998)",2585,77.0
Thriller,Red Rock West (1992),373,77.0
Adventure,Evil Dead II (Dead By Dawn) (1987),1261,77.0
Children's,Watership Down (1978),2138,77.0
Children's,Willy Wonka and the Chocolate Factory (1971),1073,77.0
Animation,"Bug's Life, A (1998)",2355,77.0
Mystery,Picnic at Hanging Rock (1975),1913,77.0
Crime,Go (1999),2580,77.0
Thriller,No Way Out (1987),3505,77.0
Crime,Midnight Run (1988),3104,77.0
Musical,Snow White and the Seven Dwarfs (1937),594,77.0
Crime,Ghost Dog: The Way of the Samurai (1999),3328,77.0
Horror,Misery (1990),3499,77.0
Film-Noir,"Big Combo, The (1955)",3292,77.0
Animation,Snow White and the Seven Dwarfs (1937),594,77.0
Animation,"Secret of NIMH, The (1982)",2139,77.0
Adventure,Highlander (1986),1275,77.0
Thriller,Peeping Tom (1960),2488,77.0
Adventure,"Great Locomotive Chase, The (1956)",3585,77.0
Thriller,Once Upon a Time in America (1984),1227,77.0
Horror,Dracula (1931),2644,77.0
Horror,Evil Dead II (Dead By Dawn) (1987),1261,77.0
Romance,Roseanna's Grave (For Roseanna) (1997),1564,77.0
Action,In the Line of Fire (1993),474,77.0
Horror,Peeping Tom (1960),2488,77.0
War,Birdy (1984),3342,77.0
War,Butterfly (La Lengua de las Mariposas) (2000),3746,77.0
Romance,Chungking Express (1994),123,77.0
Mystery,Dead Again (1991),3044,77.0
Musical,"American in Paris, An (1951)",900,77.0
Romance,Shadowlands (1993),534,77.0
Action,Midnight Run (1988),3104,77.0
War,Bananas (1971),1078,77.0
Thriller,Heavenly Creatures (1994),247,77.0
Adventure,Willy Wonka and the Chocolate Factory (1971),1073,77.0
Fantasy,Big (1988),2797,77.0
Romance,"American in Paris, An (1951)",900,77.0
Children's,"Bug's Life, A (1998)",2355,77.0
Thriller,Dead Again (1991),3044,77.0
Documentary,"Fast, Cheap & Out of Control (1997)",1649,77.0
Documentary,"Filth and the Fury, The (2000)",3539,77.0
Animation,Watership Down (1978),2138,77.0
Sci-Fi,"War of the Worlds, The (1953)",2662,77.0
Children's,"Muppet Movie, The (1979)",3396,77.0
Romance,"Autumn Tale, An (Conte d'automne) (1998)",2708,77.0
Romance,Dead Again (1991),3044,77.0
Crime,Atlantic City (1980),2130,77.0
Mystery,Chungking Express (1994),123,77.0
Documentary,Dadetown (1995),1138,77.0
Romance,Déjŕ Vu (1997),2175,77.0
Musical,White Christmas (1954),3675,77.0
Children's,"Little Princess, A (1995)",262,77.0
Children's,"Lion King, The (1994)",364,77.0
Fantasy,Watership Down (1978),2138,77.0
Fantasy,Willy Wonka and the Chocolate Factory (1971),1073,77.0
Animation,"Lion King, The (1994)",364,77.0
Musical,"Lion King, The (1994)",364,77.0
Romance,Maurice (1987),3094,77.0
War,To Be or Not to Be (1942),946,77.0
Musical,Aladdin (1992),588,76.0
Musical,All That Jazz (1979),2971,76.0
War,"Sea Wolves, The (1980)",3137,76.0
Action,Excalibur (1981),2872,76.0
Action,Born American (1986),3443,76.0
War,Prisoner of the Mountains (Kavkazsky Plennik) (1996),1450,76.0
Romance,Out of Sight (1998),1912,76.0
Action,"Taking of Pelham One Two Three, The (1974)",3384,76.0
War,Mediterraneo (1991),1184,76.0
War,"Last of the Mohicans, The (1992)",1408,76.0
Horror,"Thing, The (1982)",2288,76.0
Musical,Meet Me in St. Louis (1944),918,76.0
Musical,"Misérables, Les (1995)",73,76.0
Musical,"Jungle Book, The (1967)",2078,76.0
Musical,Guys and Dolls (1955),3549,76.0
Musical,Lady and the Tramp (1955),2080,76.0
Thriller,Foreign Correspondent (1940),929,76.0
Animation,Lady and the Tramp (1955),2080,76.0
Musical,Fantasia 2000 (1999),3159,76.0
Musical,Dancer in the Dark (2000),3910,76.0
Action,Out of Sight (1998),1912,76.0
Romance,Sliding Doors (1998),1680,76.0
Romance,Shine (1996),1357,76.0
Musical,"Damsel in Distress, A (1937)",1067,76.0
Action,"Sea Wolves, The (1980)",3137,76.0
Sci-Fi,Pi (1998),1921,76.0
Mystery,Klute (1971),1964,76.0
Thriller,Pi (1998),1921,76.0
Crime,"Grifters, The (1990)",1179,76.0
Animation,"Jungle Book, The (1967)",2078,76.0
Romance,Among Giants (1998),2569,76.0
Romance,Before Sunrise (1995),215,76.0
Crime,Bound (1996),866,76.0
Crime,Grosse Pointe Blank (1997),1500,76.0
Crime,Hana-bi (1997),1809,76.0
Animation,Fantasia 2000 (1999),3159,76.0
Animation,Aladdin (1992),588,76.0
Animation,Charlotte's Web (1973),2137,76.0
Documentary,Thirty-Two Short Films About Glenn Gould (1993),549,76.0
Crime,Donnie Brasco (1997),1466,76.0
Film-Noir,"Grifters, The (1990)",1179,76.0
Sci-Fi,"Thing, The (1982)",2288,76.0
Romance,Queen Margot (La Reine Margot) (1994),302,76.0
Documentary,"Haunted World of Edward D. Wood Jr., The (1995)",722,76.0
Romance,Chasing Amy (1997),1639,76.0
Romance,Bound (1996),866,76.0
Sci-Fi,Dark City (1998),1748,76.0
Action,"Kid, The (1921)",3310,76.0
Action,"Last of the Mohicans, The (1992)",1408,76.0
Documentary,Looking for Richard (1996),1050,76.0
Thriller,Amateur (1994),149,76.0
Sci-Fi,X-Men (2000),3793,76.0
Thriller,"Thing, The (1982)",2288,76.0
Documentary,"Endless Summer, The (1966)",3653,76.0
Children's,Aladdin (1992),588,76.0
Children's,Charlotte's Web (1973),2137,76.0
Thriller,Dark City (1998),1748,76.0
Thriller,"Contender, The (2000)",3952,76.0
Romance,"American President, The (1995)",11,76.0
Horror,Rosemary's Baby (1968),2160,76.0
Adventure,"Old Man and the Sea, The (1958)",1085,76.0
Thriller,I Can't Sleep (J'ai pas sommeil) (1994),1369,76.0
Adventure,Where Eagles Dare (1969),3366,76.0
Children's,"Jungle Book, The (1967)",2078,76.0
Children's,Lady and the Tramp (1955),2080,76.0
Crime,Amateur (1994),149,76.0
Romance,Excalibur (1981),2872,76.0
Mystery,Blowup (1966),3788,76.0
Musical,"Umbrellas of Cherbourg, The (Parapluies de Cherbourg, Les) (1964)",199,76.0
Thriller,Saboteur (1942),2204,76.0
Thriller,Rosemary's Baby (1968),2160,76.0
Film-Noir,Dark City (1998),1748,76.0
Children's,Fantasia 2000 (1999),3159,76.0
Action,"Thing, The (1982)",2288,76.0
Adventure,Army of Darkness (1993),1215,76.0
Romance,Office Space (1999),2502,76.0
Documentary,Better Living Through Circuitry (1999),3625,76.0
Thriller,Bound (1996),866,76.0
Horror,Army of Darkness (1993),1215,76.0
Thriller,Casino (1995),16,76.0
Thriller,Born American (1986),3443,76.0
Romance,"Damsel in Distress, A (1937)",1067,76.0
Romance,Dave (1993),440,76.0
Action,Where Eagles Dare (1969),3366,76.0
Action,X-Men (2000),3793,76.0
Children's,Kim (1950),755,76.0
Fantasy,Excalibur (1981),2872,76.0
Romance,Lady and the Tramp (1955),2080,76.0
Sci-Fi,Army of Darkness (1993),1215,76.0
Romance,Indochine (1992),2943,76.0
Crime,Out of Sight (1998),1912,76.0
Western,"Man from Laramie, The (1955)",3311,76.0
Western,Jeremiah Johnson (1972),3074,76.0
War,Where Eagles Dare (1969),3366,76.0
Action,Army of Darkness (1993),1215,76.0
War,Three Kings (1999),2890,76.0
Western,Pale Rider (1985),2401,75.0
Action,Clear and Present Danger (1994),349,75.0
Adventure,Captain Horatio Hornblower (1951),3406,75.0
Adventure,Clear and Present Danger (1994),349,75.0
Thriller,Safe (1995),190,75.0
Thriller,"Simple Plan, A (1998)",2391,75.0
Thriller,Patriot Games (1992),3256,75.0
Mystery,Blue Velvet (1986),2076,75.0
Adventure,Easy Rider (1969),3168,75.0
Adventure,For Whom the Bell Tolls (1943),897,75.0
Mystery,"Big Lebowski, The (1998)",1732,75.0
Adventure,Jurassic Park (1993),480,75.0
Adventure,Galaxy Quest (1999),3175,75.0
Crime,"Hard 8 (a.k.a. Sydney, a.k.a. Hard Eight) (1996)",2952,75.0
Crime,"Big Lebowski, The (1998)",1732,75.0
Sci-Fi,Contact (1997),1584,75.0
Sci-Fi,"Invisible Man, The (1933)",3932,75.0
Sci-Fi,Galaxy Quest (1999),3175,75.0
Sci-Fi,Men in Black (1997),1580,75.0
Musical,Cinderella (1950),1022,75.0
Thriller,Last Night (1998),3008,75.0
Thriller,"Hard 8 (a.k.a. Sydney, a.k.a. Hard Eight) (1996)",2952,75.0
Adventure,Men in Black (1997),1580,75.0
Crime,I Went Down (1997),1910,75.0
Action,Jurassic Park (1993),480,75.0
Action,Men in Black (1997),1580,75.0
Horror,"Invisible Man, The (1933)",3932,75.0
Action,I Went Down (1997),1910,75.0
Sci-Fi,Jurassic Park (1993),480,75.0
Animation,Bambi (1942),2018,75.0
Animation,Cinderella (1950),1022,75.0
Crime,"Simple Plan, A (1998)",2391,75.0
Crime,Sneakers (1992),1396,75.0
Adventure,True Grit (1969),3494,75.0
Animation,"South Park: Bigger, Longer and Uncut (1999)",2700,75.0
Animation,Mulan (1998),1907,75.0
Animation,Pinocchio (1940),596,75.0
Animation,"Little Mermaid, The (1989)",2081,75.0
Animation,Robin Hood (1973),3034,75.0
Musical,"Little Mermaid, The (1989)",2081,75.0
Musical,Help! (1965),2946,75.0
Documentary,"Saltmen of Tibet, The (1997)",2129,75.0
War,"Crying Game, The (1992)",1094,75.0
Action,"Pope of Greenwich Village, The (1984)",2347,75.0
Action,Patriot Games (1992),3256,75.0
Action,"Patriot, The (2000)",3753,75.0
Sci-Fi,Sneakers (1992),1396,75.0
War,Cross of Iron (1977),3339,75.0
Children's,Bambi (1942),2018,75.0
Documentary,"Brother, Can You Spare a Dime? (1975)",2981,75.0
Documentary,"Marcello Mastroianni: I Remember Yes, I Remember (1997)",2776,75.0
Children's,"Little Mermaid, The (1989)",2081,75.0
Film-Noir,T-Men (1947),1154,75.0
Children's,"Great Muppet Caper, The (1981)",3397,75.0
Horror,"American Werewolf in London, An (1981)",1321,75.0
Documentary,Brother Minister: The Assassination of Malcolm X (1994),404,75.0
Children's,Cinderella (1950),1022,75.0
Documentary,Nico Icon (1995),77,75.0
Children's,Robin Hood (1973),3034,75.0
Documentary,"Perfect Candidate, A (1996)",1123,75.0
Documentary,Small Wonders (1996),985,75.0
Children's,"Secret Garden, The (1993)",531,75.0
War,For Whom the Bell Tolls (1943),897,75.0
Mystery,JFK (1991),3386,75.0
Children's,Mulan (1998),1907,75.0
War,Captain Horatio Hornblower (1951),3406,75.0
Documentary,"Line King: Al Hirschfeld, The (1996)",1144,75.0
Children's,Pinocchio (1940),596,75.0
Western,True Grit (1969),3494,75.0
Western,Hang 'em High (1967),2922,75.0
War,Pork Chop Hill (1959),2669,75.0
Horror,"Wolf Man, The (1941)",2654,75.0
Action,Captain Horatio Hornblower (1951),3406,75.0
War,"Patriot, The (2000)",3753,75.0
War,Mephisto (1981),2075,75.0
War,"Good Morning, Vietnam (1987)",3448,75.0
Action,"Abyss, The (1989)",1127,74.0
Western,McCabe & Mrs. Miller (1971),3093,74.0
War,Hell in the Pacific (1968),3143,74.0
Musical,Alice in Wonderland (1951),1032,74.0
Sci-Fi,"20,000 Leagues Under the Sea (1954)",1019,74.0
Crime,Crossfire (1947),1068,74.0
Action,Top Gun (1986),1101,74.0
Action,Total Recall (1990),2916,74.0
Action,Thelma & Louise (1991),3418,74.0
Children's,Sleeping Beauty (1959),2096,74.0
Sci-Fi,Total Recall (1990),2916,74.0
Mystery,"Daytrippers, The (1996)",1484,74.0
Sci-Fi,Mystery Science Theater 3000: The Movie (1996),671,74.0
Horror,Halloween (1978),1982,74.0
Children's,Old Yeller (1957),1012,74.0
War,"Colonel Chabert, Le (1994)",389,74.0
War,Crimson Tide (1995),161,74.0
Documentary,"Life and Times of Hank Greenberg, The (1998)",3188,74.0
Children's,"Nightmare Before Christmas, The (1993)",551,74.0
Children's,"Little Princess, The (1939)",917,74.0
Film-Noir,Who Framed Roger Rabbit? (1988),2987,74.0
Action,"Rock, The (1996)",733,74.0
Action,Romancing the Stone (1984),2406,74.0
Sci-Fi,Time Bandits (1981),2968,74.0
Adventure,Indiana Jones and the Temple of Doom (1984),2115,74.0
Sci-Fi,Gattaca (1997),1653,74.0
Sci-Fi,"Hidden, The (1987)",3576,74.0
Fantasy,"20,000 Leagues Under the Sea (1954)",1019,74.0
Sci-Fi,Star Trek: First Contact (1996),1356,74.0
Horror,"Dead Zone, The (1983)",2118,74.0
Sci-Fi,Nineteen Eighty-Four (1984),2117,74.0
Mystery,Manhattan Murder Mystery (1993),492,74.0
Action,Planet of the Apes (1968),2529,74.0
Children's,Alice in Wonderland (1951),1032,74.0
Children's,"20,000 Leagues Under the Sea (1954)",1019,74.0
Children's,Dumbo (1941),1029,74.0
Film-Noir,Crossfire (1947),1068,74.0
War,Coming Home (1978),3724,74.0
Documentary,American Dream (1990),1169,74.0
Animation,Who Framed Roger Rabbit? (1988),2987,74.0
Animation,Yellow Submarine (1968),2857,74.0
Musical,Dumbo (1941),1029,74.0
Crime,Carlito's Way (1993),431,74.0
Sci-Fi,"Abyss, The (1989)",1127,74.0
Horror,Poltergeist (1982),1994,74.0
Adventure,Romancing the Stone (1984),2406,74.0
Crime,"Limey, The (1999)",2912,74.0
Musical,"Nightmare Before Christmas, The (1993)",551,74.0
Musical,Oliver! (1968),1951,74.0
Musical,Sleeping Beauty (1959),2096,74.0
Adventure,Who Framed Roger Rabbit? (1988),2987,74.0
Adventure,Total Recall (1990),2916,74.0
Animation,Sleeping Beauty (1959),2096,74.0
Fantasy,"Faraway, So Close (In Weiter Ferne, So Nah!) (1993)",3920,74.0
Musical,Gypsy (1962),3604,74.0
Fantasy,Time Bandits (1981),2968,74.0
Animation,I Married A Strange Person (1997),2189,74.0
Sci-Fi,Planet of the Apes (1968),2529,74.0
Adventure,"Rock, The (1996)",733,74.0
Crime,Purple Noon (1960),659,74.0
Crime,Joe the King (1999),2963,74.0
Crime,Jackie Brown (1997),1729,74.0
Adventure,Star Trek: First Contact (1996),1356,74.0
Action,Thunderball (1965),2993,74.0
Adventure,"Mark of Zorro, The (1940)",941,74.0
Action,Star Trek: First Contact (1996),1356,74.0
Action,Indiana Jones and the Temple of Doom (1984),2115,74.0
Action,"Limey, The (1999)",2912,74.0
Sci-Fi,Repo Man (1984),1965,74.0
Horror,"Hidden, The (1987)",3576,74.0
Animation,Alice in Wonderland (1951),1032,74.0
Adventure,Time Bandits (1981),2968,74.0
Animation,Dumbo (1941),1029,74.0
Western,Magnum Force (1973),3682,74.0
Adventure,"20,000 Leagues Under the Sea (1954)",1019,74.0
Musical,Yellow Submarine (1968),2857,74.0
Adventure,"Abyss, The (1989)",1127,74.0
Horror,Near Dark (1987),3727,74.0
Western,"Dorado, El (1967)",3487,74.0
War,Tora! Tora! Tora! (1970),3066,74.0
Action,Enemy of the State (1998),2353,74.0
Action,"Hidden, The (1987)",3576,74.0
Action,"Mariachi, El (1992)",3267,74.0
Action,"Man with the Golden Gun, The (1974)",3639,73.0
Mystery,Stalker (1979),1232,73.0
Action,"Fifth Element, The (1997)",1527,73.0
War,Pink Floyd - The Wall (1982),1298,73.0
War,Underground (1995),665,73.0
Western,Cat Ballou (1965),3873,73.0
Western,"Big Country, The (1958)",3368,73.0
War,"Story of G.I. Joe, The (1945)",3670,73.0
Children's,Labyrinth (1986),1967,73.0
Horror,Night of the Living Dead (1968),968,73.0
Sci-Fi,"Dark Crystal, The (1982)",2140,73.0
Crime,Cyclo (1995),850,73.0
Adventure,"Big Blue, The (Le Grand Bleu) (1988)",1216,73.0
Action,Coldblooded (1995),394,73.0
Crime,Man Bites Dog (C'est arrivé prčs de chez vous) (1992),3266,73.0
Sci-Fi,Mad Max (1979),3702,73.0
Musical,Funny Face (1957),901,73.0
Sci-Fi,Predator (1987),3527,73.0
Horror,King Kong (1933),2366,73.0
Adventure,"Slipper and the Rose, The (1976)",3612,73.0
Adventure,Star Trek IV: The Voyage Home (1986),1376,73.0
Fantasy,Labyrinth (1986),1967,73.0
Fantasy,Ladyhawke (1985),3479,73.0
Sci-Fi,Quatermass and the Pit (1967),3658,73.0
Animation,Peter Pan (1953),2087,73.0
Fantasy,Peter Pan (1953),2087,73.0
Fantasy,"Dark Crystal, The (1982)",2140,73.0
Adventure,True Lies (1994),380,73.0
Musical,"Slipper and the Rose, The (1976)",3612,73.0
Musical,Peter Pan (1953),2087,73.0
Musical,Pink Floyd - The Wall (1982),1298,73.0
Musical,Anchors Aweigh (1945),3599,73.0
Musical,"Band Wagon, The (1953)",935,73.0
Animation,Tarzan (1999),2687,73.0
Crime,"Young Poisoner's Handbook, The (1995)",117,73.0
Sci-Fi,Stalker (1979),1232,73.0
Sci-Fi,Star Trek IV: The Voyage Home (1986),1376,73.0
Sci-Fi,Night of the Living Dead (1968),968,73.0
Sci-Fi,"Fifth Element, The (1997)",1527,73.0
Crime,Freeway (1996),1034,73.0
Adventure,King Kong (1933),2366,73.0
Adventure,Lord of the Flies (1963),3461,73.0
Adventure,Labyrinth (1986),1967,73.0
Adventure,Ladyhawke (1985),3479,73.0
Documentary,"Source, The (1999)",2813,73.0
Children's,Tarzan (1999),2687,73.0
Documentary,Synthetic Pleasures (1995),1039,73.0
Children's,"Dark Crystal, The (1982)",2140,73.0
Children's,Peter Pan (1953),2087,73.0
Sci-Fi,Mad Max 2 (a.k.a. The Road Warrior) (1981),3703,73.0
Documentary,Unzipped (1995),206,73.0
War,Lucie Aubrac (1997),2833,73.0
War,"Land Girls, The (1998)",1898,73.0
War,Rob Roy (1995),151,72.0
War,South Pacific (1958),2941,72.0
Mystery,Stage Fright (1950),2187,72.0
Mystery,"Trouble with Harry, The (1955)",2184,72.0
Adventure,"Crimson Pirate, The (1952)",3417,72.0
Musical,Victor/Victoria (1982),1081,72.0
Adventure,"7th Voyage of Sinbad, The (1958)",3153,72.0
Adventure,Batman (1989),592,72.0
Adventure,"Edge, The (1997)",1615,72.0
Adventure,Fly Away Home (1996),986,72.0
Adventure,Fantastic Voyage (1966),3927,72.0
Adventure,Around the World in 80 Days (1956),952,72.0
Crime,Batman (1989),592,72.0
Crime,"General, The (1998)",2425,72.0
Musical,Song of the South (1946),2099,72.0
Musical,South Pacific (1958),2941,72.0
Fantasy,"7th Voyage of Sinbad, The (1958)",3153,72.0
Adventure,Song of the South (1946),2099,72.0
Adventure,Swiss Family Robinson (1960),1017,72.0
Adventure,"NeverEnding Story, The (1984)",2161,72.0
Mystery,Cookie's Fortune (1999),2583,72.0
Animation,"Fantastic Planet, The (La Plančte sauvage) (1973)",2495,72.0
Crime,Rounders (1998),2231,72.0
Crime,"Thomas Crown Affair, The (1968)",2764,72.0
Crime,Menace II Society (1993),493,72.0
Animation,101 Dalmatians (1961),2085,72.0
Animation,Song of the South (1946),2099,72.0
Fantasy,"NeverEnding Story, The (1984)",2161,72.0
Musical,Grease (1978),1380,72.0
Musical,"Muppet Christmas Carol, The (1992)",2083,72.0
Children's,Fly Away Home (1996),986,72.0
Children's,101 Dalmatians (1961),2085,72.0
Documentary,Dancemaker (1998),2538,72.0
Animation,"Sword in the Stone, The (1963)",1025,72.0
Film-Noir,"Wrong Man, The (1956)",2182,72.0
Mystery,Jacob's Ladder (1990),3476,72.0
Children's,"Muppet Christmas Carol, The (1992)",2083,72.0
Children's,"NeverEnding Story, The (1984)",2161,72.0
Sci-Fi,Until the End of the World (Bis ans Ende der Welt) (1991),1306,72.0
Horror,Carrie (1976),1345,72.0
Children's,Swiss Family Robinson (1960),1017,72.0
Children's,"Sword in the Stone, The (1963)",1025,72.0
Children's,Song of the South (1946),2099,72.0
Children's,So Dear to My Heart (1949),1026,72.0
War,"English Patient, The (1996)",1183,72.0
Horror,Jacob's Ladder (1990),3476,72.0
Sci-Fi,Free Enterprise (1998),2681,72.0
Musical,Gigi (1958),938,72.0
Sci-Fi,"Crimson Pirate, The (1952)",3417,72.0
Horror,"Omen, The (1976)",1350,72.0
Sci-Fi,"Fantastic Planet, The (La Plančte sauvage) (1973)",2495,72.0
Sci-Fi,Fantastic Voyage (1966),3927,72.0
Sci-Fi,"Brother from Another Planet, The (1984)",3700,72.0
Horror,Scream (1996),1407,72.0
Children's,Kidnapped (1960),2079,71.0
War,"Bridge at Remagen, The (1969)",3372,71.0
War,Courage Under Fire (1996),647,71.0
War,"Farewell to Arms, A (1932)",976,71.0
Documentary,Beyond the Mat (2000),3327,71.0
Documentary,Hype! (1996),1310,71.0
War,Bent (1997),1696,71.0
Horror,"Body Snatcher, The (1945)",1337,71.0
Children's,"Parent Trap, The (1961)",1013,71.0
Children's,Candleshoe (1977),2037,71.0
Children's,Batman: Mask of the Phantasm (1993),3213,71.0
Musical,"Inspector General, The (1949)",963,71.0
Film-Noir,"Hitch-Hiker, The (1953)",3121,71.0
Film-Noir,Devil in a Blue Dress (1995),164,71.0
Crime,They Made Me a Criminal (1939),962,71.0
Crime,"Thieves (Voleurs, Les) (1996)",1415,71.0
Crime,Sleepers (1996),1061,71.0
Musical,"Great Race, The (1965)",1083,71.0
Mystery,Devil in a Blue Dress (1995),164,71.0
Horror,"Mummy, The (1932)",2633,71.0
Crime,Ronin (1998),2278,71.0
Animation,Gulliver's Travels (1939),2899,71.0
Animation,"Prince of Egypt, The (1998)",2394,71.0
Fantasy,One Magic Christmas (1985),2086,71.0
Animation,Heavy Metal (1981),610,71.0
Adventure,Superman (1978),2640,71.0
Fantasy,Heart and Souls (1993),3466,71.0
Fantasy,"Navigator: A Mediaeval Odyssey, The (1988)",2173,71.0
Crime,Lethal Weapon 2 (1989),2001,71.0
Adventure,Candleshoe (1977),2037,71.0
Adventure,Heavy Metal (1981),610,71.0
Adventure,GoldenEye (1995),10,71.0
Adventure,Squanto: A Warrior's Tale (1994),2101,71.0
Adventure,"Son of the Sheik, The (1926)",3492,71.0
Sci-Fi,Superman (1978),2640,71.0
Musical,"Prince of Egypt, The (1998)",2394,71.0
Documentary,Wild Man Blues (1998),1865,71.0
Mystery,Basic Instinct (1992),1092,71.0
Crime,Devil in a Blue Dress (1995),164,71.0
Sci-Fi,"Omega Man, The (1971)",3032,71.0
Sci-Fi,Heavy Metal (1981),610,71.0
Horror,Heavy Metal (1981),610,71.0
Sci-Fi,"Navigator: A Mediaeval Odyssey, The (1988)",2173,71.0
Musical,Everyone Says I Love You (1996),1057,71.0
Adventure,"Navigator: A Mediaeval Odyssey, The (1988)",2173,71.0
Crime,Blue Collar (1978),3304,71.0
Fantasy,Beetlejuice (1988),2174,71.0
Crime,F/X (1986),3763,71.0
Animation,Batman: Mask of the Phantasm (1993),3213,71.0
Adventure,"Mask of Zorro, The (1998)",2006,71.0
Adventure,Gulliver's Travels (1939),2899,71.0
Children's,Gulliver's Travels (1939),2899,71.0
Documentary,Full Tilt Boogie (1997),2061,71.0
Western,Duel in the Sun (1946),3792,71.0
Sci-Fi,Cocoon (1985),2407,71.0
War,Welcome To Sarajevo (1997),1670,70.0
War,Michael Collins (1996),991,70.0
Horror,Something Wicked This Way Comes (1983),2097,70.0
Western,Maverick (1994),368,70.0
Mystery,"X-Files: Fight the Future, The (1998)",1909,70.0
Horror,Re-Animator (1985),3018,70.0
Children's,"Goonies, The (1985)",2005,70.0
Children's,"Great Mouse Detective, The (1986)",2048,70.0
Mystery,"Talented Mr. Ripley, The (1999)",3176,70.0
Children's,"Journey of Natty Gann, The (1985)",2077,70.0
Documentary,Across the Sea of Time (1995),37,70.0
Documentary,"Ballad of Ramblin' Jack, The (2000)",3880,70.0
Adventure,In Search of the Castaways (1962),2056,70.0
Crime,Grand Canyon (1991),2112,70.0
Adventure,Willow (1988),2193,70.0
Adventure,"Journey of Natty Gann, The (1985)",2077,70.0
Sci-Fi,Independence Day (ID4) (1996),780,70.0
Musical,Backbeat (1993),346,70.0
Musical,Bedknobs and Broomsticks (1971),1031,70.0
Horror,"Haunting, The (1963)",2550,70.0
Horror,Henry: Portrait of a Serial Killer (1990),2159,70.0
Adventure,"Emerald Forest, The (1985)",2370,70.0
Horror,Interview with the Vampire (1994),253,70.0
Adventure,"Goonies, The (1985)",2005,70.0
Musical,Farinelli: il castrato (1994),242,70.0
Documentary,Wonderland (1997),1657,70.0
Children's,Wide Awake (1998),1812,70.0
Sci-Fi,Stargate (1994),316,70.0
Documentary,Tigrero: A Film That Was Never Made (1994),682,70.0
Children's,"Muppets Take Manhattan, The (1984)",3398,70.0
Sci-Fi,Soylent Green (1973),2009,70.0
Sci-Fi,"Sticky Fingers of Time, The (1997)",2578,70.0
Adventure,Blade (1998),2167,70.0
Adventure,Bedknobs and Broomsticks (1971),1031,70.0
Adventure,Stargate (1994),316,70.0
Fantasy,"Goonies, The (1985)",2005,70.0
Animation,Antz (1998),2294,70.0
Crime,He Walked by Night (1948),1152,70.0
Crime,Henry: Portrait of a Serial Killer (1990),2159,70.0
Crime,Impact (1949),3413,70.0
Animation,Anastasia (1997),1688,70.0
Animation,Faust (1994),1151,70.0
Children's,Matilda (1996),837,70.0
Horror,Carnival of Souls (1962),3627,70.0
Documentary,"Paralyzing Fear: The Story of Polio in America, A (1998)",1787,70.0
Fantasy,Willow (1988),2193,70.0
Children's,Something Wicked This Way Comes (1983),2097,70.0
Sci-Fi,"X-Files: Fight the Future, The (1998)",1909,70.0
Sci-Fi,"Visitors, The (Les Visiteurs) (1993)",718,70.0
Children's,Anastasia (1997),1688,70.0
Children's,Antz (1998),2294,70.0
Animation,"Great Mouse Detective, The (1986)",2048,70.0
Film-Noir,He Walked by Night (1948),1152,70.0
Musical,Anastasia (1997),1688,70.0
Horror,"Nightmare on Elm Street, A (1984)",1347,70.0
Children's,Bedknobs and Broomsticks (1971),1031,70.0
Documentary,JLG/JLG - autoportrait de décembre (1994),1149,70.0
Horror,Sleepy Hollow (1999),3081,70.0
Documentary,Black Tar Heroin: The Dark End of the Street (1999),3303,70.0
Documentary,"Last Klezmer: Leopold Kozlowski, His Life and Music, The (1995)",791,70.0
Documentary,Home Page (1999),3084,70.0
Horror,Blade (1998),2167,70.0
War,Hangmen Also Die (1943),3377,70.0
War,Independence Day (ID4) (1996),780,70.0
War,Blood on the Sun (1945),3154,70.0
Horror,Pit and the Pendulum (1961),2782,70.0
Western,Zachariah (1971),3236,70.0
War,Stalingrad (1993),760,70.0
Mystery,"Underneath, The (1995)",335,70.0
Children's,In Search of the Castaways (1962),2056,70.0
War,Seven Years in Tibet (1997),1619,69.0
War,Legends of the Fall (1994),266,69.0
War,Them! (1954),2287,69.0
Western,Legends of the Fall (1994),266,69.0
Mystery,Wild Things (1998),1805,69.0
Documentary,Endurance (1998),2627,69.0
Crime,Wild Things (1998),1805,69.0
Horror,Abbott and Costello Meet Frankenstein (1948),3928,69.0
Children's,James and the Giant Peach (1996),661,69.0
Musical,James and the Giant Peach (1996),661,69.0
Film-Noir,Raw Deal (1948),1153,69.0
Children's,"Far Off Place, A (1993)",2045,69.0
Children's,Flight of the Navigator (1986),2046,69.0
Children's,"Fox and the Hound, The (1981)",1033,69.0
Children's,"Rescuers, The (1977)",2090,69.0
Sci-Fi,Them! (1954),2287,69.0
Animation,"Fox and the Hound, The (1981)",1033,69.0
Children's,"American Tail, An (1986)",2141,69.0
Children's,"Absent Minded Professor, The (1961)",2015,69.0
Crime,Rumble in the Bronx (1995),112,69.0
Musical,Madame Butterfly (1995),1087,69.0
Film-Noir,Killer's Kiss (1955),2727,69.0
Crime,"Postman Always Rings Twice, The (1981)",3529,69.0
Crime,Robocop (1987),2985,69.0
Crime,Monument Ave. (1998),2281,69.0
Fantasy,Splash (1984),2100,69.0
Animation,James and the Giant Peach (1996),661,69.0
Animation,"Rescuers, The (1977)",2090,69.0
Documentary,Heidi Fleiss: Hollywood Madam (1995),99,69.0
Documentary,On Any Sunday (1971),2984,69.0
Sci-Fi,Starman (1984),3699,69.0
Sci-Fi,Robocop (1987),2985,69.0
Sci-Fi,Solaris (Solyaris) (1972),3503,69.0
Horror,Eraserhead (1977),3676,69.0
Horror,"Devil's Advocate, The (1997)",1645,69.0
Horror,"Fly, The (1986)",2455,69.0
Adventure,Rumble in the Bronx (1995),112,69.0
Adventure,"Poseidon Adventure, The (1972)",2013,69.0
Adventure,Starman (1984),3699,69.0
Animation,"American Tail, An (1986)",2141,69.0
Adventure,Logan's Run (1976),2528,69.0
Crime,Dreamscape (1984),3770,69.0
Fantasy,"Absent Minded Professor, The (1961)",2015,69.0
Adventure,Operation Condor (Feiying gaiwak) (1990),2879,69.0
Adventure,Operation Condor 2 (Longxiong hudi) (1990),2880,69.0
Adventure,Mission: Impossible (1996),648,69.0
Horror,Fright Night (1985),2867,69.0
Horror,"Hunger, The (1983)",3550,69.0
Sci-Fi,Logan's Run (1976),2528,69.0
Adventure,Crocodile Dundee (1986),2470,69.0
Adventure,Escape from New York (1981),1129,69.0
Crime,Clay Pigeons (1998),2280,69.0
Crime,"Devil's Advocate, The (1997)",1645,69.0
Adventure,Flight of the Navigator (1986),2046,69.0
Adventure,"Far Off Place, A (1993)",2045,69.0
Adventure,Dreamscape (1984),3770,69.0
Crime,Best Laid Plans (1999),2842,69.0
Crime,Angel on My Shoulder (1946),960,69.0
Sci-Fi,Dreamscape (1984),3770,69.0
Sci-Fi,Flight of the Navigator (1986),2046,69.0
Sci-Fi,"Fly, The (1986)",2455,69.0
Sci-Fi,Escape from New York (1981),1129,69.0
Sci-Fi,Cube (1997),2232,69.0
Mystery,"Devil's Advocate, The (1997)",1645,69.0
Mystery,Mission: Impossible (1996),648,69.0
War,"Fighting Seabees, The (1944)",3643,69.0
Mystery,Murder! (1930),2219,68.0
Western,Westworld (1973),2527,68.0
Western,Young Guns (1988),1378,68.0
Western,Cimarron (1931),1928,68.0
Mystery,Lady of Burlesque (1943),958,68.0
Sci-Fi,"Adventures of Buckaroo Bonzai Across the 8th Dimension, The (1984)",3070,68.0
War,For the Moment (1994),1071,68.0
Mystery,Young Sherlock Holmes (1985),2414,68.0
Western,Angel and the Badman (1947),964,68.0
Animation,Steamboat Willie (1940),2102,68.0
Western,Santa Fe Trail (1940),3122,68.0
Crime,Suicide Kings (1997),1799,68.0
Crime,Shaft (1971),3729,68.0
Children's,Pollyanna (1960),1014,68.0
Sci-Fi,Titan A.E. (2000),3745,68.0
Sci-Fi,"Transformers: The Movie, The (1986)",1205,68.0
Animation,Titan A.E. (2000),3745,68.0
Animation,"Transformers: The Movie, The (1986)",1205,68.0
Sci-Fi,Conceiving Ada (1997),3293,68.0
Sci-Fi,Westworld (1973),2527,68.0
Mystery,Fallen (1998),1754,68.0
Children's,Steamboat Willie (1940),2102,68.0
Sci-Fi,Star Trek: Generations (1994),329,68.0
Children's,Alaska (1996),808,68.0
Sci-Fi,Star Wars: Episode I - The Phantom Menace (1999),2628,68.0
Documentary,Get Bruce (1999),2689,68.0
Documentary,U2: Rattle and Hum (1988),3142,68.0
Sci-Fi,Earth Vs. the Flying Saucers (1956),2665,68.0
Sci-Fi,Face/Off (1997),1573,68.0
Mystery,Agnes of God (1985),3251,68.0
Mystery,"Client, The (1994)",350,68.0
Mystery,Conspiracy Theory (1997),1597,68.0
Fantasy,Star Wars: Episode I - The Phantom Menace (1999),2628,68.0
Adventure,Titan A.E. (2000),3745,68.0
Film-Noir,Angel Heart (1987),3706,68.0
Children's,"Transformers: The Movie, The (1986)",1205,68.0
Horror,Eyes Without a Face (1959),841,68.0
Musical,"Doors, The (1991)",1093,68.0
Sci-Fi,Star Trek VI: The Undiscovered Country (1991),1372,68.0
Sci-Fi,Space Cowboys (2000),3827,68.0
Musical,Steamboat Willie (1940),2102,68.0
Mystery,Angel Heart (1987),3706,68.0
Mystery,2010 (1984),2311,68.0
Musical,U2: Rattle and Hum (1988),3142,68.0
Sci-Fi,2010 (1984),2311,68.0
Horror,Bad Taste (1987),1255,68.0
Film-Noir,Suture (1993),320,68.0
Documentary,"Endless Summer 2, The (1994)",443,68.0
Children's,Homeward Bound: The Incredible Journey (1993),1015,67.0
Children's,"Incredible Journey, The (1963)",2057,67.0
Horror,Braindead (1992),1241,67.0
Horror,Bram Stoker's Dracula (1992),1339,67.0
Western,Dark Command (1940),3644,67.0
Children's,"Lord of the Rings, The (1978)",2116,67.0
Children's,"Jungle Book, The (1994)",362,67.0
Horror,Vampyros Lesbos (Las Vampiras) (1970),3216,67.0
Horror,Village of the Damned (1960),2553,67.0
Musical,Pal Joey (1957),3199,67.0
Horror,"Frighteners, The (1996)",799,67.0
Fantasy,"Midsummer Night's Dream, A (1999)",2622,67.0
Fantasy,Dune (1984),2021,67.0
Horror,"Fly, The (1958)",2454,67.0
Horror,Dracula (1958),2645,67.0
Animation,Melody Time (1948),3776,67.0
Animation,"Lord of the Rings, The (1978)",2116,67.0
Fantasy,Tron (1982),2105,67.0
Animation,"Aristocats, The (1970)",616,67.0
Mystery,Absolute Power (1997),1459,67.0
Horror,Little Shop of Horrors (1986),2746,67.0
Children's,Black Beauty (1994),421,67.0
Children's,"Aristocats, The (1970)",616,67.0
Musical,Melody Time (1948),3776,67.0
Musical,Little Shop of Horrors (1986),2746,67.0
Children's,Melody Time (1948),3776,67.0
Horror,Cemetery Man (Dellamorte Dellamore) (1994),735,67.0
Children's,"Adventures of Milo and Otis, The (1986)",2846,67.0
Mystery,Cop Land (1997),1589,67.0
Western,"Davy Crockett, King of the Wild Frontier (1955)",1008,67.0
Mystery,Lost Highway (1997),1464,67.0
Mystery,"Perfect Murder, A (1998)",1892,67.0
Western,Geronimo: An American Legend (1993),458,66.0
Western,Alvarez Kelly (1966),2896,66.0
Children's,FairyTale: A True Story (1997),1654,66.0
Mystery,52 Pick-Up (1986),2475,66.0
Horror,"Mummy, The (1999)",2617,66.0
Musical,Dirty Dancing (1987),1088,66.0
Musical,"Happiest Millionaire, The (1967)",2049,66.0
Documentary,American Pimp (1999),3718,66.0
Musical,"Great Ziegfeld, The (1936)",1932,66.0
Children's,Babe: Pig in the City (1998),2384,66.0
Children's,Fluke (1995),241,66.0
Fantasy,FairyTale: A True Story (1997),1654,66.0
Musical,Hercules (1997),1566,66.0
Children's,Shiloh (1997),1547,66.0
Horror,Son of Frankenstein (1939),2649,66.0
Horror,"Rocky Horror Picture Show, The (1975)",2657,66.0
Animation,Hercules (1997),1566,66.0
Horror,"Little Shop of Horrors, The (1960)",2747,66.0
Children's,Hercules (1997),1566,66.0
Horror,"Black Sabbath (Tre Volti Della Paura, I) (1963)",3832,66.0
Children's,"Parent Trap, The (1998)",2059,66.0
Musical,"Rocky Horror Picture Show, The (1975)",2657,66.0
Fantasy,"Mask, The (1994)",367,66.0
Western,Rough Night in Jericho (1967),3025,66.0
Mystery,"Rapture, The (1991)",2024,66.0
Western,"Outlaw, The (1943)",967,65.0
Mystery,That Darn Cat! (1965),1018,65.0
Western,MacKenna's Gold (1969),3806,65.0
Western,Back to the Future Part III (1990),2012,65.0
Fantasy,Darby O'Gill and the Little People (1959),2043,65.0
Fantasy,Dragonheart (1996),653,65.0
Fantasy,Legend (1985),2143,65.0
Fantasy,"Boy Who Could Fly, The (1986)",2453,65.0
Children's,"Love Bug, The (1969)",1010,65.0
Western,Wyatt Earp (1994),383,65.0
Documentary,From the Journals of Jean Seberg (1995),136,65.0
Children's,Fun and Fancy Free (1947),3759,65.0
Mystery,Midnight in the Garden of Good and Evil (1997),1711,65.0
Animation,Make Mine Music (1946),3775,65.0
Musical,Make Mine Music (1946),3775,65.0
Animation,"Three Caballeros, The (1945)",1024,65.0
Animation,Fun and Fancy Free (1947),3759,65.0
Horror,House on Haunted Hill (1958),2519,65.0
Horror,"Howling, The (1980)",1130,65.0
Children's,"Three Caballeros, The (1945)",1024,65.0
Horror,"Creature From the Black Lagoon, The (1954)",3930,65.0
Mystery,Clue (1985),2413,65.0
Documentary,"Original Kings of Comedy, The (2000)",3865,65.0
Animation,Balto (1995),13,65.0
Children's,Balto (1995),13,65.0
Horror,Two Thousand Maniacs! (1964),3351,65.0
Children's,That Darn Cat! (1965),1018,65.0
Mystery,Just Cause (1995),257,65.0
Documentary,Year of the Horse (1997),1652,65.0
Musical,Fun and Fancy Free (1947),3759,65.0
Horror,Gremlins (1984),2003,65.0
Musical,Evita (1996),1416,65.0
Horror,"Mummy, The (1959)",2634,65.0
Musical,"Three Caballeros, The (1945)",1024,65.0
Children's,Darby O'Gill and the Little People (1959),2043,65.0
Documentary,Marlene Dietrich: Shadow and Light (1996),769,65.0
Children's,Make Mine Music (1946),3775,65.0
Mystery,Sommersby (1993),2875,65.0
Mystery,Rising Sun (1993),517,64.0
Mystery,"Yards, The (1999)",2769,64.0
Mystery,True Crime (1995),695,64.0
Musical,Doctor Dolittle (1967),2135,64.0
Musical,"Broadway Melody, The (1929)",1926,64.0
Horror,Phantasm (1979),2901,64.0
Horror,"Prophecy, The (1995)",188,64.0
Fantasy,"Indian in the Cupboard, The (1995)",60,64.0
Fantasy,Jumanji (1995),2,64.0
Fantasy,Escape to Witch Mountain (1975),1009,64.0
Horror,"Masque of the Red Death, The (1964)",2784,64.0
Animation,Dinosaur (2000),3615,64.0
Animation,"Hunchback of Notre Dame, The (1996)",783,64.0
Fantasy,"Santa Clause, The (1994)",317,64.0
Horror,"Raven, The (1963)",2780,64.0
Animation,"Rescuers Down Under, The (1990)",2089,64.0
Horror,House of Frankenstein (1944),2647,64.0
Horror,Cat People (1982),1346,64.0
Horror,Children of the Damned (1963),2554,64.0
Horror,"Texas Chainsaw Massacre, The (1974)",2459,64.0
Mystery,Eyes of Laura Mars (1978),3445,64.0
Musical,"Hunchback of Notre Dame, The (1996)",783,64.0
Horror,Spirits of the Dead (Tre Passi nel Delirio) (1968),775,64.0
Horror,Audrey Rose (1977),1331,64.0
Horror,American Psycho (2000),3535,64.0
Mystery,"Minus Man, The (1999)",2844,64.0
Mystery,"Morning After, The (1986)",2749,64.0
Animation,"Black Cauldron, The (1985)",2033,63.0
Horror,Creepshow (1982),3016,63.0
Horror,Cronos (1992),565,63.0
Horror,"Blob, The (1958)",1334,63.0
Horror,"Tingler, The (1959)",2781,63.0
Documentary,It Came from Hollywood (1982),2659,63.0
Mystery,Flesh and Bone (1993),451,63.0
Western,Wild Bill (1995),210,63.0
Horror,"13th Warrior, The (1999)",2826,63.0
Mystery,"Man Who Knew Too Little, The (1997)",1689,63.0
Horror,From Dusk Till Dawn (1996),70,63.0
Horror,Frankenstein Meets the Wolf Man (1943),2651,63.0
Musical,Newsies (1992),2084,63.0
Musical,Muppet Treasure Island (1996),107,63.0
Western,Three Amigos! (1986),2478,62.0
Musical,King Creole (1958),3605,62.0
Horror,Buffy the Vampire Slayer (1992),3264,62.0
Film-Noir,Mulholland Falls (1996),707,62.0
Horror,Tales From the Crypt Presents: Demon Knight (1995),328,62.0
Mystery,U Turn (1997),1627,62.0
Western,In Old California (1942),3642,62.0
Mystery,Radioland Murders (1994),513,62.0
Horror,Body Snatchers (1993),426,62.0
Animation,Pete's Dragon (1977),1030,62.0
Musical,Pete's Dragon (1977),1030,62.0
Horror,Night of the Comet (1984),2613,62.0
Horror,Ravenous (1999),2560,62.0
Horror,"Craft, The (1996)",724,62.0
Western,"Hi-Lo Country, The (1998)",2441,61.0
Animation,American Pop (1981),3725,61.0
Animation,Beavis and Butt-head Do America (1996),1405,61.0
Animation,Saludos Amigos (1943),3611,61.0
Animation,Little Nemo: Adventures in Slumberland (1992),2800,61.0
Animation,Oliver & Company (1988),709,61.0
Musical,Kurt & Courtney (1998),1856,61.0
Musical,Selena (1997),1487,61.0
Fantasy,"Borrowers, The (1997)",1848,61.0
Documentary,Kurt & Courtney (1998),1856,61.0
Documentary,Madonna: Truth or Dare (1991),1191,61.0
Musical,American Pop (1981),3725,61.0
Documentary,Grateful Dead (1995),1421,61.0
Musical,G. I. Blues (1960),3602,60.0
Musical,Babes in Toyland (1961),2017,60.0
Documentary,"James Dean Story, The (1957)",3136,60.0
Documentary,Man of the Year (1995),137,60.0
Fantasy,Babes in Toyland (1961),2017,60.0
Musical,Pocahontas (1995),48,60.0
Musical,Tommy (1975),2877,60.0
Mystery,Before and After (1996),113,60.0
Mystery,Murder at 1600 (1997),1422,60.0
Fantasy,Hook (1991),3489,60.0
Fantasy,"Nutty Professor, The (1996)",788,60.0
Animation,Pocahontas (1995),48,60.0
Animation,"Road to El Dorado, The (2000)",3483,60.0
Film-Noir,Railroaded! (1947),3380,60.0
Western,"Quick and the Dead, The (1995)",303,60.0
Western,"Apple Dumpling Gang, The (1975)",1007,60.0
Mystery,Twin Peaks: Fire Walk with Me (1992),3262,59.0
Mystery,Palmetto (1998),1783,59.0
Mystery,Mortal Thoughts (1991),2267,59.0
Film-Noir,Palmetto (1998),1783,59.0
Fantasy,"Honey, I Shrunk the Kids (1989)",2054,59.0
Mystery,Outrageous Fortune (1987),2752,59.0
Western,Young Guns II (1990),1379,58.0
Animation,Aladdin and the King of Thieves (1996),1064,58.0
Animation,"Goofy Movie, A (1995)",239,58.0
Animation,"Swan Princess, The (1994)",313,58.0
Mystery,"301, 302 (1995)",652,58.0
Western,Last Man Standing (1996),996,58.0
Western,Hot Lead and Cold Feet (1978),2055,57.0
Fantasy,Return to Oz (1985),2093,57.0
Musical,Blue Hawaii (1961),3600,57.0
Mystery,Heaven's Prisoners (1996),731,57.0
Animation,All Dogs Go to Heaven (1989),2123,57.0
Animation,"American Tail: Fievel Goes West, An (1991)",2142,57.0
Fantasy,Quest for Camelot (1998),1881,56.0
Animation,Quest for Camelot (1998),1881,56.0
Animation,"Rugrats Movie, The (1998)",2354,56.0
Fantasy,"Simple Wish, A (1997)",1583,56.0
Animation,Small Soldiers (1998),1920,56.0
Fantasy,Small Soldiers (1998),1920,56.0
Mystery,Scream 3 (2000),3273,55.0
Mystery,Snake Eyes (1998),2126,55.0
Mystery,"Confessional, The (Le Confessionnal) (1995)",59,55.0
Mystery,"Dark Half, The (1993)",2898,55.0
Animation,"Tigger Movie, The (2000)",3287,55.0
Fantasy,Teenage Mutant Ninja Turtles (1990),3438,54.0
Animation,"Pagemaster, The (1994)",558,54.0
Film-Noir,Hoodlum (1997),1601,54.0
Mystery,Lulu on the Bridge (1998),2873,54.0
Mystery,Mike's Murder (1984),2945,54.0
Mystery,That Darn Cat! (1997),1460,54.0
Fantasy,"Pagemaster, The (1994)",558,54.0
Animation,Thumbelina (1994),2876,53.0
Western,Buck and the Preacher (1972),3373,53.0
Western,"Apple Dumpling Gang Rides Again, The (1979)",2016,53.0
Mystery,I Know What You Did Last Summer (1997),1644,53.0
Fantasy,Santa Claus: The Movie (1985),2399,53.0
Western,Lightning Jack (1994),487,52.0
Western,City Slickers II: The Legend of Curly's Gold (1994),432,52.0
Animation,Space Jam (1996),673,52.0
Fantasy,Bogus (1996),885,52.0
Fantasy,Space Jam (1996),673,52.0
Musical,Tank Girl (1995),327,52.0
Animation,"King and I, The (1999)",2559,52.0
Musical,Popeye (1980),2088,52.0
Fantasy,Flubber (1997),1702,51.0
Film-Noir,"This World, Then the Fireworks (1996)",2008,51.0
Musical,Roustabout (1964),3610,51.0
Fantasy,Toys (1992),2253,51.0
Animation,Cats Don't Dance (1997),1489,51.0
Animation,Time Masters (Les Maîtres du Temps) (1982),3592,50.0
Mystery,Event Horizon (1997),1590,50.0
Animation,We're Back! A Dinosaur's Story (1993),3400,50.0
Animation,"Adventures of Rocky and Bullwinkle, The (2000)",3754,50.0
Western,Bad Girls (1994),416,49.0
Mystery,Diamonds (1999),3149,49.0
Animation,"Return of Jafar, The (1993)",2092,49.0
Animation,Doug's 1st Movie (1999),2566,48.0
Fantasy,"Kid in King Arthur's Court, A (1995)",258,48.0
Fantasy,Highlander: Endgame (2000),3889,48.0
Fantasy,"NeverEnding Story II: The Next Chapter, The (1990)",2162,48.0
Fantasy,Drop Dead Fred (1991),1126,47.0
Mystery,Boxing Helena (1993),427,47.0
Mystery,Congo (1995),160,45.0
Animation,Land Before Time III: The Time of the Great Giving (1995),888,44.0
Fantasy,Star Kid (1997),1750,44.0
Fantasy,Teenage Mutant Ninja Turtles II: The Secret of the Ooze (1991),3439,43.0
Fantasy,Date with an Angel (1987),3393,43.0
Western,Wild Wild West (1999),2701,43.0
Fantasy,Warriors of Virtue (1997),1525,42.0
Western,Tashunga (1995),1118,40.0
Fantasy,Supergirl (1984),3877,40.0
Film-Noir,Frogs for Snakes (1998),2631,40.0
Fantasy,Kids of the Round Table (1995),56,40.0
Fantasy,"NeverEnding Story III, The (1994)",126,40.0
Fantasy,Teenage Mutant Ninja Turtles III (1993),3440,38.0
Fantasy,Kazaam (1996),810,29.0
Western,Terror in a Texas Town (1958),1386,20.0
